ID,Name,Contact Information,List of Events
E001,"Copeland, Reynolds and Anderson Events",jackstephens@hotmail.com,"['EV20', 'EV7', 'EV87', 'EV44']"
E002,"Diaz, Williams and Schmidt Organizers",emily06@scott.biz,"['EV74', 'EV24']"
E003,Baxter-Sawyer Planners,kgray@gmail.com,"['EV14', 'EV57', 'EV96']"
E004,Hall Inc Events,patrickcarter@gmail.com,"['EV22', 'EV16', 'EV85', 'EV84', 'EV65']"
E005,"Bird, Townsend and Rivers Organizers",coxjulie@shannon.biz,"['EV80', 'EV89']"
E007,Knapp-Garcia Events,susan32@hotmail.com,"['EV86', 'EV56']"
E008,Galloway-Lang Organizers,anne09@yahoo.com,"['EV65', 'EV37', 'EV22', 'EV27']"
E009,"Hart, Hernandez and Hernandez Events",owenssteven@hotmail.com,"['EV90', 'EV9', 'EV94', 'EV30']"
E010,Hopkins Ltd Planners,klittle@yahoo.com,"['EV71', 'EV32', 'EV58']"
E011,"Thompson, Swanson and Roberts Planners",harpermarvin@gmail.com,"['EV80', 'EV5']"
E012,Davila PLC Planners,cindy30@yahoo.com,['EV95']
E013,Kemp-Huffman Events,watkinsbreanna@kim-conway.com,"['EV24', 'EV37']"
E014,Jones and Sons Planners,cartersally@stanley-martin.com,"['EV46', 'EV73', 'EV8']"
E015,Burke Ltd Events,uramirez@yahoo.com,"['EV18', 'EV96']"
E016,Murray Ltd Events,cochranjeremy@kirk.net,"['EV100', 'EV40', 'EV70', 'EV13', 'EV48']"
E017,Luna-Lamb Planners,james99@gmail.com,"['EV45', 'EV27', 'EV23', 'EV76', 'EV46']"
E019,"Johnson, Matthews and Hanna Planners",lmorgan@gmail.com,"['EV55', 'EV70', 'EV75']"
E021,Johnson-Sheppard Planners,bryanteresa@gmail.com,['EV69']
E022,White PLC Events,kevingreene@yahoo.com,"['EV22', 'EV23', 'EV65', 'EV57', 'EV40']"
E023,"Ramirez, Bennett and Campbell Events",grace13@gmail.com,"['EV21', 'EV85', 'EV29', 'EV93']"
E024,Wu Inc Organizers,okeller@yahoo.com,['EV59']
E025,"Nguyen, Bass and Wood Organizers",jason63@hotmail.com,"['EV97', 'EV24', 'EV70', 'EV53', 'EV32']"
E026,Lane-Baird Planners,wflores@yahoo.com,['EV25']
E027,Horton-Klein Organizers,plove@rodriguez.com,"['EV98', 'EV98', 'EV36']"
E028,Holloway and Sons Planners,davisgwendolyn@summers.com,"['EV25', 'EV47']"
E029,"Fuller, Mcintyre and Blair Planners",lukedavis@hotmail.com,"['EV79', 'EV51']"
E030,Bartlett-Smith Planners,scottlopez@smith.com,"['EV5', 'EV28', 'EV98']"
E031,"Harvey, Cook and Rodriguez Planners",rlogan@yahoo.com,"['EV70', 'EV91', 'EV15', 'EV25', 'EV88']"
E033,Miller and Sons Organizers,pmckinney@shaw.com,"['EV11', 'EV96', 'EV66']"
E034,"Jenkins, Allen and Ramos Events",carmenking@brown.com,"['EV87', 'EV63', 'EV43', 'EV17', 'EV38']"
E035,Reynolds Ltd Events,stephen40@gmail.com,"['EV41', 'EV80', 'EV68', 'EV24']"
E038,Cochran-Mendoza Organizers,omurphy@yahoo.com,"['EV27', 'EV72', 'EV96', 'EV69']"
E039,Wagner Inc Events,robert44@lopez.com,['EV33']
E041,Mccullough-Baldwin Events,renee05@harris-daniel.biz,"['EV39', 'EV68']"
E042,Stevens Ltd Organizers,phillip47@hotmail.com,['EV25']
E043,Lopez-Morgan Planners,walshmichael@koch.com,['EV83']
E044,"Branch, Fritz and Larsen Events",petersenlaura@gmail.com,"['EV80', 'EV48', 'EV22']"
E046,"Wright, Moore and Obrien Planners",barbara69@owens-matthews.com,"['EV75', 'EV88', 'EV77', 'EV77']"
E047,Galvan Group Planners,joshuajohnson@gmail.com,"['EV38', 'EV62', 'EV4', 'EV46']"
E048,Hill and Sons Organizers,vwolfe@perry.com,"['EV6', 'EV64', 'EV50']"
E050,Williamson Inc Events,jodisantos@hotmail.com,"['EV34', 'EV40', 'EV84', 'EV29']"
E051,Henderson-Travis Organizers,pachecojared@hotmail.com,"['EV29', 'EV44']"
E052,Stein Ltd Organizers,gonzalezbrittney@yahoo.com,['EV35']
E053,"Williams, Alexander and Ford Events",ashley13@williams.com,['EV31']
E055,Avery-Bruce Organizers,johnwilliams@hoffman.org,"['EV78', 'EV2']"
E056,Moon and Sons Events,smason@yahoo.com,"['EV76', 'EV69', 'EV83']"
E057,Willis-Frank Organizers,holly16@gmail.com,"['EV54', 'EV95', 'EV59', 'EV77']"
E058,Bradshaw-Clements Events,kristensmith@smith.com,['EV23']
E060,Spencer-Peterson Organizers,vaughanmax@gmail.com,['EV68']
E061,"Bush, Galloway and Shields Planners",ngreen@jackson.org,"['EV44', 'EV68', 'EV71', 'EV14', 'EV8']"
E062,"Ortiz, Moore and Boyd Planners",rturner@bennett.org,"['EV85', 'EV66', 'EV38']"
E063,"Williams, Haas and Hernandez Organizers",bentondaniel@hotmail.com,"['EV57', 'EV54', 'EV98', 'EV7', 'EV53']"
E064,Sanchez LLC Events,gonzalezjamie@yahoo.com,"['EV25', 'EV45', 'EV43']"
E065,Summers-Berg Events,pmoore@mcneil-padilla.org,"['EV84', 'EV55', 'EV38', 'EV20']"
E067,"Martin, Hopkins and Patterson Planners",falvarado@mayo.org,"['EV59', 'EV50', 'EV30', 'EV95']"
E068,Miller LLC Planners,matthew89@gmail.com,"['EV69', 'EV66']"
E069,Long-Ritter Events,scottlucas@patel.com,['EV80']
E070,Willis-Ritter Planners,mooresarah@garcia.com,"['EV35', 'EV51', 'EV77', 'EV25', 'EV98']"
E071,Johnson-Lewis Organizers,blackburnchristopher@yahoo.com,"['EV80', 'EV46']"
E072,"Gibson, Byrd and Smith Organizers",tyler67@yahoo.com,['EV19']
E073,"Ochoa, Reed and Wilson Events",linda17@rivera-conway.com,['EV29']
E074,Snyder-Cochran Organizers,bartlettcorey@thompson.com,"['EV8', 'EV50', 'EV60', 'EV45']"
E075,Chandler LLC Planners,iwalker@good.biz,['EV65']
E076,Scott PLC Events,xbarrera@wagner.com,"['EV23', 'EV7', 'EV50', 'EV69']"
E077,Simpson-Downs Organizers,jerry19@hotmail.com,"['EV44', 'EV20', 'EV98', 'EV69', 'EV82']"
E079,Middleton Ltd Events,john84@hotmail.com,"['EV8', 'EV59', 'EV5', 'EV25', 'EV58']"
E080,Mcmahon Inc Events,gwilliams@gray.org,"['EV50', 'EV4', 'EV28', 'EV31', 'EV15']"
E082,Jones-Stevens Organizers,robertpalmer@hotmail.com,"['EV67', 'EV28', 'EV11', 'EV10']"
E083,Jones PLC Planners,pauldavis@yahoo.com,['EV25']
E085,Bullock and Sons Events,anthony63@hardin-wilson.biz,['EV16']
E086,"Moore, Becker and Hood Events",hoodsteven@hotmail.com,"['EV79', 'EV62', 'EV4', 'EV81']"
E087,"Taylor, Turner and Douglas Organizers",johncunningham@gmail.com,['EV85']
E088,Collins LLC Organizers,kimberlyrichards@gmail.com,"['EV56', 'EV100', 'EV22', 'EV44', 'EV75']"
E089,Johnson-Murphy Planners,melissamcneil@montgomery.com,['EV66']
E090,Taylor-Escobar Planners,whitney71@yahoo.com,['EV12']
E092,Hernandez-Leonard Planners,igarcia@cook.info,"['EV3', 'EV13']"
E094,Marsh-Smith Organizers,iwalter@cohen-davis.com,"['EV57', 'EV4']"
E095,"Hughes, Jennings and Davis Events",opoole@petty-carson.com,"['EV9', 'EV98']"
E096,Thomas LLC Organizers,xjohnson@rodriguez.net,"['EV45', 'EV34', 'EV66', 'EV87', 'EV82']"
E097,"Decker, Estrada and Torres Planners",mariah10@pacheco-ramos.biz,"['EV96', 'EV19', 'EV88']"
E098,Moore and Sons Organizers,williamsonbrian@yahoo.com,"['EV13', 'EV77', 'EV81']"
E099,"Edwards, Banks and Lee Events",mharris@melendez-gibbs.net,"['EV34', 'EV77', 'EV86', 'EV44', 'EV55']"
E100,Perez-Fuentes Planners,wintersnancy@scott.net,['EV88']
E101,Harris-Bright Planners,fritzpriscilla@yahoo.com,['EV30']
E102,Powell-Bautista Planners,karen57@yahoo.com,"['EV84', 'EV8', 'EV38', 'EV39', 'EV92']"
E103,Austin-Robertson Events,rhernandez@johnston.com,"['EV36', 'EV74']"
E104,Christian-Camacho Events,figueroaricky@yahoo.com,['EV27']
E105,"Logan, Duarte and Ortega Planners",rsullivan@hicks.biz,"['EV65', 'EV31', 'EV29', 'EV2']"
E106,Butler and Sons Events,eestrada@hotmail.com,"['EV85', 'EV14', 'EV36', 'EV79', 'EV12']"
E107,Wagner Inc Organizers,mcguirepatrick@villegas.info,['EV4']
E108,Lloyd Ltd Events,eandrade@anderson.com,"['EV46', 'EV80', 'EV49', 'EV88']"
E109,Jones Ltd Events,matthewparker@lopez.biz,"['EV24', 'EV68', 'EV96']"
E110,"Haynes, Barrett and Rodriguez Events",nhester@hotmail.com,"['EV40', 'EV81']"
E111,Simmons-Cooke Organizers,qdavis@gmail.com,"['EV21', 'EV23', 'EV34', 'EV51', 'EV60']"
E112,Scott LLC Organizers,hesterstephanie@gmail.com,"['EV10', 'EV55', 'EV94']"
E113,Valdez-Martin Events,dnewman@gmail.com,"['EV79', 'EV3', 'EV76', 'EV50', 'EV61']"
E114,Cox Inc Organizers,kathryn92@ballard.net,"['EV38', 'EV73']"
E115,"Livingston, Smith and Page Events",anitalee@yahoo.com,"['EV100', 'EV12', 'EV98', 'EV27', 'EV99']"
E116,Meza-Marquez Planners,deborahjones@gmail.com,"['EV34', 'EV12', 'EV78']"
E117,Lee Group Planners,haleyzhang@hotmail.com,"['EV17', 'EV45']"
E118,Lowe-Castillo Organizers,phamilton@burnett.info,"['EV27', 'EV75', 'EV42', 'EV6', 'EV80']"
E119,Khan-Green Events,travistaylor@gmail.com,['EV67']
E123,Johnson PLC Events,flemingjoseph@spencer.com,"['EV2', 'EV15']"
E124,Robertson Inc Planners,gina20@thompson-espinoza.biz,"['EV51', 'EV79']"
E125,Hubbard Group Events,mary04@hotmail.com,"['EV98', 'EV83', 'EV85']"
E075,Chandler LLC Planners,iwalker@good.biz,['EV65']
E046,"Wright, Moore and Obrien Planners",barbara69@owens-matthews.com,"['EV75', 'EV88', 'EV77', 'EV77']"
E032,"Parker, Thomas and Cross Organizers",bbryant@garcia-nash.com,"['EV75', 'EV95']"
E066,"Lynch, Garner and King Events",steven69@riley.net,['EV55']
E067,"Martin, Hopkins and Patterson Planners",falvarado@mayo.org,"['EV59', 'EV50', 'EV30', 'EV95']"
E119,Khan-Green Events,travistaylor@gmail.com,['EV67']
E101,Harris-Bright Planners,fritzpriscilla@yahoo.com,['EV30']
E116,Meza-Marquez Planners,deborahjones@gmail.com,"['EV34', 'EV12', 'EV78']"
E034,"Jenkins, Allen and Ramos Events",carmenking@brown.com,"['EV87', 'EV63', 'EV43', 'EV17', 'EV38']"
E063,"Williams, Haas and Hernandez Organizers",bentondaniel@hotmail.com,"['EV57', 'EV54', 'EV98', 'EV7', 'EV53']"
E045,Mosley PLC Events,mary95@howard.info,"['EV37', 'EV5', 'EV92', 'EV29']"
