ID,Name,Contact Information,Events Attended
P001,Sara Diaz,nhill@gmail.com,['EV68']
P002,Garrett Cruz,amywood@rivera.com,['EV3']
P003,Anthony Smith,christian38@miller.com,"['EV44', 'EV72', 'EV62']"
P004,Peter Pitts,jenniferbarnes@jackson-thomas.com,"['EV21', 'EV93', 'EV82']"
P005,Samantha York,fclark@mendoza-park.com,"['EV24', 'EV74']"
P007,Justin Wagner,garzaalex@hotmail.com,"['EV22', 'EV25', 'EV13']"
P008,Mr. Michael Castillo MD,gmiller@yahoo.com,['EV12']
P009,Matthew Lewis,hernandezerica@yahoo.com,['EV47']
P010,Alejandro Parrish,michaelwatts@harris.com,"['EV56', 'EV40', 'EV1']"
P011,Geoffrey Flores,gregoryjames@hotmail.com,"['EV23', 'EV80']"
P012,Manuel Romero,monicamartinez@jennings.info,"['EV89', 'EV40']"
P013,Jeremy Mcguire,rgray@hotmail.com,['EV30']
P014,James Scott,zobrien@aguilar-davis.biz,['EV15']
P015,Heather Harvey,jdavis@bradley.org,"['EV78', 'EV26']"
P016,Michael Brown,morristracy@yahoo.com,"['EV17', 'EV99', 'EV49']"
P017,Daniel White,carl66@rogers.com,"['EV24', 'EV21', 'EV41']"
P019,Valerie Carr,zstevenson@hotmail.com,"['EV43', 'EV13', 'EV22']"
P021,Amber Carey,josephmorgan@yahoo.com,['EV96']
P022,Evan Lowery,zjohnson@hotmail.com,['EV55']
P023,Chad Morris,xmonroe@smith-mann.com,['EV88']
P024,Ms. Brandi Berry,walkersabrina@hotmail.com,['EV11']
P025,Timothy Doyle,carrie23@gmail.com,"['EV69', 'EV96', 'EV29']"
P026,Ashley Rodgers,jillpetersen@hotmail.com,"['EV28', 'EV81', 'EV83']"
P027,Brian Johns,patrickjohnson@diaz-avila.org,['EV42']
P028,Charles Mcintyre,fberry@hughes.com,"['EV10', 'EV71', 'EV25']"
P029,Stacy Bray,gcoleman@case.biz,"['EV83', 'EV14', 'EV55']"
P030,Allison Daniels,xcampbell@edwards.info,"['EV83', 'EV81', 'EV17']"
P031,Troy Johnson,waltonvanessa@adams.com,"['EV44', 'EV58', 'EV90']"
P033,Jason Smith,johnsonalexandra@hotmail.com,['EV53']
P034,Alyssa Park,sara93@gmail.com,"['EV86', 'EV28', 'EV29']"
P035,Chad Spears,xroberts@yahoo.com,"['EV43', 'EV63', 'EV83']"
P038,Tamara Christensen,lcummings@yahoo.com,"['EV41', 'EV76']"
P039,Melanie Underwood,justin07@bates-simmons.com,"['EV23', 'EV47', 'EV51']"
P041,Anna Rodriguez,gregory59@gmail.com,"['EV67', 'EV5']"
P042,Adam Johnson,jamesgomez@gmail.com,['EV63']
P043,Cindy Johnson,lindajohnson@hotmail.com,['EV96']
P044,Kelly Sherman,uroach@gmail.com,"['EV25', 'EV72']"
P046,Carol Norris,johnweiss@martin-glover.com,"['EV43', 'EV8']"
P047,Katrina Glenn,longdiane@hotmail.com,"['EV20', 'EV37', 'EV59']"
P048,Timothy Woods,millerleah@reid.org,['EV89']
P050,Mary Mcclain,caleb09@humphrey.com,['EV71']
P051,Brent Baker,ebutler@gonzalez.com,"['EV76', 'EV51']"
P052,Daniel Ford,lynchjennifer@hotmail.com,['EV63']
P053,Jimmy Harper,dennis25@gmail.com,"['EV86', 'EV61', 'EV14']"
P055,Leah Gutierrez,hjohnson@gmail.com,"['EV45', 'EV1']"
P056,Sharon Morgan,bethrodriguez@hotmail.com,"['EV1', 'EV71']"
P057,Shaun Davenport,cochranjoshua@yahoo.com,['EV13']
P058,Melissa Flowers,mckenziesullivan@hotmail.com,['EV65']
P060,April Larson,andrewmoore@waters.com,"['EV98', 'EV9', 'EV38']"
P061,Michelle Henderson,robert92@brown.info,"['EV59', 'EV69', 'EV92']"
P062,Kristy Huynh,andres80@gmail.com,['EV97']
P063,Cody Smith,kgordon@edwards.com,"['EV99', 'EV36']"
P064,Rebecca Watson,wsanchez@gmail.com,['EV16']
P065,Jeanette Hill,fharris@yahoo.com,"['EV52', 'EV48']"
P067,Brad Moss,nosborne@miller-williams.net,"['EV79', 'EV41', 'EV64']"
P068,Trevor Williamson,jessica33@knight.com,['EV4']
P069,Tracy Marquez,christine32@woods.com,"['EV27', 'EV66']"
P070,Jose Hoover,jwhite@hotmail.com,"['EV99', 'EV88']"
P071,Allison Paul,thomasbenjamin@crane-hopkins.net,['EV91']
P072,Elizabeth Hopkins,haguirre@hotmail.com,"['EV30', 'EV44']"
P073,John Snyder,welchnoah@briggs.com,['EV49']
P074,Kevin Jenkins,angelica90@mason-meadows.com,"['EV36', 'EV49']"
P075,Katherine Allen,guzmanderrick@gmail.com,"['EV90', 'EV24', 'EV71']"
P076,Zachary Johnson,carlos41@yahoo.com,['EV77']
P077,Robert King,ilee@mclaughlin-anthony.info,"['EV47', 'EV84', 'EV54']"
P079,Tiffany Green,katelyn92@christian.biz,['EV92']
P080,Rachel Dunlap,kristine55@dixon.com,"['EV37', 'EV40']"
P082,Ms. Tiffany Barker MD,matthew75@gmail.com,"['EV49', 'EV34']"
P083,Jillian Johnson,brian71@henry.info,"['EV24', 'EV63']"
P085,James Freeman,kwelch@cross.net,"['EV28', 'EV40', 'EV36']"
P086,Robert Ross,melanie04@gmail.com,['EV7']
P087,Gina Miller,jasonsantiago@orr.com,['EV86']
P088,Seth Robinson,zacharybutler@murray-howard.org,['EV82']
P089,Debbie Young,nicolegraham@hotmail.com,"['EV67', 'EV12', 'EV18']"
P090,Michael Walter,gregory85@cruz.com,"['EV54', 'EV32', 'EV56']"
P092,Phillip Miles,terrytammy@hotmail.com,['EV16']
P094,Evelyn Charles,fitzpatrickbrittany@johnson.com,['EV44']
P095,John Cole,kaylaclark@holmes-sampson.com,"['EV67', 'EV46']"
P096,Claudia Evans,theresafitzgerald@mueller-vincent.net,"['EV14', 'EV2']"
P097,Douglas Pittman,jjones@davidson.com,"['EV67', 'EV42', 'EV67']"
P098,John Stevens,michael60@cruz.com,"['EV82', 'EV10', 'EV40']"
P099,Joseph Phillips,ltran@gmail.com,"['EV89', 'EV23']"
P100,Dawn Wilson,parkertiffany@yahoo.com,['EV64']
P101,Stacy Harrison,kevin42@garza.com,['EV59']
P102,Heather Anderson,brandybecker@hotmail.com,['EV78']
P103,David Roberson,rebecca40@yahoo.com,"['EV45', 'EV13']"
P104,Anthony Hale,miguel92@nguyen-chaney.com,['EV45']
P105,Madison Norris,michelle40@yahoo.com,"['EV67', 'EV29']"
P106,Cindy Patel,scottsmith@yahoo.com,"['EV54', 'EV53']"
P107,Shane Park,samantha22@gmail.com,"['EV70', 'EV89']"
P108,Krystal Stone,teresa89@yahoo.com,['EV44']
P109,Juan Briggs,tmeyer@mcpherson-horton.com,['EV18']
P110,Suzanne Ramirez,thomaslarry@gmail.com,['EV97']
P111,Kara Allen,millsdawn@yahoo.com,"['EV10', 'EV49', 'EV92']"
P112,Lisa Brown,kristamclaughlin@hotmail.com,"['EV83', 'EV71']"
P113,Sarah Cunningham,chapmanemily@yahoo.com,"['EV35', 'EV100']"
P114,Brian Cox,johnsjoe@gmail.com,"['EV35', 'EV45', 'EV23']"
P115,James Thompson,josephfitzgerald@kemp-mcgee.com,['EV29']
P116,Jennifer Ruiz,dawn32@dorsey.com,['EV20']
P117,Whitney Armstrong,gbeard@flores.com,"['EV11', 'EV17']"
P118,Caitlin Brennan,ashleybaker@kim.com,"['EV42', 'EV83']"
P119,Stephanie Bradley,timothy17@gmail.com,"['EV31', 'EV13']"
P123,Crystal Ramsey,charles30@knox.com,"['EV2', 'EV62', 'EV52']"
P124,Dustin Gilmore,raymondhunt@hotmail.com,"['EV1', 'EV15', 'EV100']"
P125,Christian Lopez,jeffreyfarmer@yahoo.com,"['EV33', 'EV85']"
P075,Katherine Allen,guzmanderrick@gmail.com,"['EV90', 'EV24', 'EV71']"
P046,Carol Norris,johnweiss@martin-glover.com,"['EV43', 'EV8']"
P032,John Ortiz,bryantsergio@gmail.com,"['EV93', 'EV78']"
P066,Anthony Davis,jwarren@coleman.biz,['EV35']
P067,Brad Moss,nosborne@miller-williams.net,"['EV79', 'EV41', 'EV64']"
P119,Stephanie Bradley,timothy17@gmail.com,"['EV31', 'EV13']"
P101,Stacy Harrison,kevin42@garza.com,['EV59']
P116,Jennifer Ruiz,dawn32@dorsey.com,['EV20']
P034,Alyssa Park,sara93@gmail.com,"['EV86', 'EV28', 'EV29']"
P063,Cody Smith,kgordon@edwards.com,"['EV99', 'EV36']"
P045,Laura Grant,sgomez@hotmail.com,"['EV62', 'EV9']"
